,total_purchase_amt,total_redeem_amt,mfd_daily_yield,mfd_7daily_yield,Interest_O_N,day_of_week
total_purchase_amt,1.0,0.7364963425566904,0.49548245535892416,0.48933403095438444,-0.2412767464504284,-0.26634063931550417
total_redeem_amt,0.7364963425566904,1.0,0.11948862000636705,0.11557006170936467,-0.4328885446624113,-0.23510448988086932
mfd_daily_yield,0.49548245535892416,0.11948862000636705,1.0,0.9731393430568112,0.03696044283204151,-0.03216016394940379
mfd_7daily_yield,0.48933403095438444,0.11557006170936467,0.9731393430568112,1.0,0.006938185485050198,-0.0051450609039602885
Interest_O_N,-0.2412767464504284,-0.4328885446624113,0.03696044283204151,0.006938185485050198,1.0,-0.027751708474340765
day_of_week,-0.26634063931550417,-0.23510448988086932,-0.03216016394940379,-0.0051450609039602885,-0.027751708474340765,1.0
