,total_purchase_amt,total_redeem_amt,mfd_daily_yield,mfd_7daily_yield,Interest_O_N
total_purchase_amt,1.0,0.7364963425566904,0.49548245535892416,0.48933403095438444,-0.22886115807589236
total_redeem_amt,0.7364963425566904,1.0,0.11948862000636705,0.11557006170936467,-0.4516213569395125
mfd_daily_yield,0.49548245535892416,0.11948862000636705,1.0,0.9731393430568112,0.027004534338114734
mfd_7daily_yield,0.48933403095438444,0.11557006170936467,0.9731393430568112,1.0,-0.014852908284508073
Interest_O_N,-0.22886115807589236,-0.4516213569395125,0.027004534338114734,-0.014852908284508073,1.0
